<?xml version="1.0" encoding="UTF-8"?>
<entity_image_type>
  <fields id="name" class="ImageType">
    <field name="name"/>
    <field name="width"/>
    <field name="height"/>
    <field name="products"/>
    <field name="categories"/>
    <field name="manufacturers"/>
    <field name="suppliers"/>
    <field name="scenes"/>
    <field name="stores"/>
  </fields>
  <entities>
    <image_type id="small_default" name="small_default" width="45" height="45" products="1" categories="1" manufacturers="1" suppliers="1" scenes="0" stores="0"/>
    <image_type id="medium_default" name="medium_default" width="58" height="58" products="1" categories="1" manufacturers="1" suppliers="1" scenes="0" stores="1"/>
    <image_type id="large_default" name="large_default" width="264" height="264" products="1" categories="1" manufacturers="1" suppliers="1" scenes="0" stores="0"/>
    <image_type id="thickbox_default" name="thickbox_default" width="600" height="600" products="1" categories="0" manufacturers="0" suppliers="0" scenes="0" stores="0"/>
    <image_type id="category_default" name="category_default" width="500" height="150" products="0" categories="1" manufacturers="0" suppliers="0" scenes="0" stores="0"/>
    <image_type id="home_default" name="home_default" width="124" height="124" products="1" categories="0" manufacturers="0" suppliers="0" scenes="0" stores="0"/>
    <image_type id="scene_default" name="scene_default" width="520" height="189" products="0" categories="0" manufacturers="0" suppliers="0" scenes="1" stores="0"/>
    <image_type id="m_scene_default" name="m_scene_default" width="161" height="58" products="0" categories="0" manufacturers="0" suppliers="0" scenes="1" stores="0"/>
  </entities>
</entity_image_type>
