<?xml version="1.0" encoding="UTF-8"?>
<entity_order_return_state>
  <fields id="name" class="OrderReturnState">
    <field name="color"/>
  </fields>
  <entities>
    <order_return_state id="Waiting_for_confirmation" color="RoyalBlue"/>
    <order_return_state id="Waiting_for_package" color="BlueViolet"/>
    <order_return_state id="Package_received" color="LimeGreen"/>
    <order_return_state id="Return_denied" color="Crimson"/>
    <order_return_state id="Return_completed" color="#108510"/>
  </entities>
</entity_order_return_state>
