<?xml version="1.0" encoding="UTF-8"?>
<entity_order_state>
  <fields id="name" class="OrderState" image="os">
    <field name="invoice"/>
    <field name="send_email"/>
	 <field name="module_name"/>
    <field name="color"/>
    <field name="unremovable"/>
    <field name="hidden"/>
    <field name="logable"/>
    <field name="delivery"/>
    <field name="shipped"/>
    <field name="paid"/>
  </fields>
  <entities>
    <order_state id="Awaiting_cheque_payment" invoice="0" send_email="1" module_name="cheque" color="RoyalBlue" unremovable="1" hidden="0" logable="0" delivery="0" shipped="0" paid="0"/>
    <order_state id="Payment_accepted" invoice="1" send_email="1" color="LimeGreen" unremovable="1" hidden="0" logable="1" delivery="0" shipped="0" paid="1"/>
    <order_state id="Preparation_in_progress" invoice="1" send_email="1" color="DarkOrange" unremovable="1" hidden="0" logable="1" delivery="1" shipped="0" paid="1"/>
    <order_state id="Shipped" invoice="1" send_email="1" color="BlueViolet" unremovable="1" hidden="0" logable="1" delivery="1" shipped="1" paid="1"/>
    <order_state id="Delivered" invoice="1" send_email="0" color="#108510" unremovable="1" hidden="0" logable="1" delivery="1" shipped="1" paid="1"/>
    <order_state id="Canceled" invoice="0" send_email="1" color="Crimson" unremovable="1" hidden="0" logable="0" delivery="0" shipped="0" paid="0"/>
    <order_state id="Refund" invoice="1" send_email="1" color="#ec2e15" unremovable="1" hidden="0" logable="0" delivery="0" shipped="0" paid="0"/>
    <order_state id="Payment_error" invoice="0" send_email="1" color="#8f0621" unremovable="1" hidden="0" logable="0" delivery="0" shipped="0" paid="0"/>
    <order_state id="On_backorder" invoice="1" send_email="1" color="HotPink" unremovable="1" hidden="0" logable="0" delivery="0" shipped="0" paid="1"/>
    <order_state id="Awaiting_bank_wire_payment" invoice="0" send_email="1" module_name="bankwire" color="RoyalBlue" unremovable="1" hidden="0" logable="0" delivery="0" shipped="0" paid="0"/>
    <order_state id="Awaiting_PayPal_payment" invoice="0" send_email="0" color="RoyalBlue" unremovable="1" hidden="0" logable="0" delivery="0" shipped="0" paid="0"/>
    <order_state id="Payment_remotely_accepted" invoice="1" send_email="1" color="LimeGreen" unremovable="1" hidden="0" logable="1" delivery="0" shipped="0" paid="1"/>
  </entities>
</entity_order_state>
