<?xml version="1.0" encoding="UTF-8"?>
<entity_zone>
  <fields id="name" class="Zone">
    <field name="name"/>
    <field name="active"/>
  </fields>
  <entities>
    <zone id="Europe" active="1">
      <name>Europe</name>
    </zone>
    <zone id="North_America" active="1">
      <name>North America</name>
    </zone>
    <zone id="Asia" active="1">
      <name>Asia</name>
    </zone>
    <zone id="Africa" active="1">
      <name>Africa</name>
    </zone>
    <zone id="Oceania" active="1">
      <name>Oceania</name>
    </zone>
    <zone id="South_America" active="1">
      <name>South America</name>
    </zone>
    <zone id="Europe_out_E_U" active="1">
      <name>Europe (out E.U)</name>
    </zone>
    <zone id="Central_America_Antilla" active="1">
      <name>Central America/Antilla</name>
    </zone>
  </entities>
</entity_zone>
