<?xml version="1.0" encoding="UTF-8"?>
<entity_store>
  <fields id="name" class="Store" image="st">
    <field name="id_country" relation="country"/>
    <field name="id_state" relation="state"/>
    <field name="name"/>
    <field name="address1"/>
    <field name="address2"/>
    <field name="city"/>
    <field name="postcode"/>
    <field name="latitude"/>
    <field name="longitude"/>
    <field name="hours"/>
    <field name="phone"/>
    <field name="fax"/>
    <field name="email"/>
    <field name="note"/>
    <field name="active"/>
  </fields>
  <entities>
    <store id="Dade_County" id_country="US" id_state="FL" postcode=" 33135" latitude="25.76500500" longitude="-80.24379700" phone="" fax="" active="1">
      <name>Dade County</name>
      <address1>3030 SW 8th St Miami</address1>
      <address2/>
      <city>Miami</city>
      <hours>a:7:{i:0;s:13:"09:00 - 19:00";i:1;s:13:"09:00 - 19:00";i:2;s:13:"09:00 - 19:00";i:3;s:13:"09:00 - 19:00";i:4;s:13:"09:00 - 19:00";i:5;s:13:"10:00 - 16:00";i:6;s:13:"10:00 - 16:00";}</hours>
      <email/>
      <note/>
    </store>
    <store id="E_Fort_Lauderdale" id_country="US" id_state="FL" postcode=" 33304" latitude="26.13793600" longitude="-80.13943500" phone="" fax="" active="1">
      <name>E Fort Lauderdale</name>
      <address1>1000 Northeast 4th Ave Fort Lauderdale</address1>
      <address2/>
      <city>Miami</city>
      <hours>a:7:{i:0;s:13:"09:00 - 19:00";i:1;s:13:"09:00 - 19:00";i:2;s:13:"09:00 - 19:00";i:3;s:13:"09:00 - 19:00";i:4;s:13:"09:00 - 19:00";i:5;s:13:"10:00 - 16:00";i:6;s:13:"10:00 - 16:00";}</hours>
      <email/>
      <note/>
    </store>
    <store id="Pembroke_Pines" id_country="US" id_state="FL" postcode="33026" latitude="26.00998700" longitude="-80.29447200" phone="" fax="" active="1">
      <name>Pembroke Pines</name>
      <address1>11001 Pines Blvd Pembroke Pines</address1>
      <address2/>
      <city>Miami</city>
      <hours>a:7:{i:0;s:13:"09:00 - 19:00";i:1;s:13:"09:00 - 19:00";i:2;s:13:"09:00 - 19:00";i:3;s:13:"09:00 - 19:00";i:4;s:13:"09:00 - 19:00";i:5;s:13:"10:00 - 16:00";i:6;s:13:"10:00 - 16:00";}</hours>
      <email/>
      <note/>
    </store>
    <store id="Coconut_Grove" id_country="US" id_state="FL" postcode=" 33133" latitude="25.73629600" longitude="-80.24479700" phone="" fax="" active="1">
      <name>Coconut Grove</name>
      <address1>2999 SW 32nd Avenue</address1>
      <address2/>
      <city>Miami</city>
      <hours>a:7:{i:0;s:13:"09:00 - 19:00";i:1;s:13:"09:00 - 19:00";i:2;s:13:"09:00 - 19:00";i:3;s:13:"09:00 - 19:00";i:4;s:13:"09:00 - 19:00";i:5;s:13:"10:00 - 16:00";i:6;s:13:"10:00 - 16:00";}</hours>
      <email/>
      <note/>
    </store>
    <store id="N_Miami_Biscayne" id_country="US" id_state="FL" postcode="33181" latitude="25.88674000" longitude="-80.16329200" phone="" fax="" active="1">
      <name>N Miami/Biscayne</name>
      <address1>12055 Biscayne Blvd</address1>
      <address2/>
      <city>Miami</city>
      <hours>a:7:{i:0;s:13:"09:00 - 19:00";i:1;s:13:"09:00 - 19:00";i:2;s:13:"09:00 - 19:00";i:3;s:13:"09:00 - 19:00";i:4;s:13:"09:00 - 19:00";i:5;s:13:"10:00 - 16:00";i:6;s:13:"10:00 - 16:00";}</hours>
      <email/>
      <note/>
    </store>
  </entities>
</entity_store>
